{
  "Books Second Page" : {
    "transaction" : "Books Second Page",
    "sampleCount" : 1000,
    "errorCount" : 0,
    "errorPct" : 0.0,
    "meanResTime" : 10.152000000000005,
    "medianResTime" : 11.0,
    "minResTime" : 1.0,
    "maxResTime" : 29.0,
    "pct1ResTime" : 14.0,
    "pct2ResTime" : 17.0,
    "pct3ResTime" : 25.0,
    "throughput" : 280.3476310625175,
    "receivedKBytesPerSec" : 531.1273479114101,
    "sentKBytesPerSec" : 46.54208718811326
  },
  "All Products First Page" : {
    "transaction" : "All Products First Page",
    "sampleCount" : 1000,
    "errorCount" : 0,
    "errorPct" : 0.0,
    "meanResTime" : 281.97600000000034,
    "medianResTime" : 11.0,
    "minResTime" : 1.0,
    "maxResTime" : 4286.0,
    "pct1ResTime" : 1183.299999999971,
    "pct2ResTime" : 2659.2999999999993,
    "pct3ResTime" : 3810.84,
    "throughput" : 23.833925209142695,
    "receivedKBytesPerSec" : 49.08792409490669,
    "sentKBytesPerSec" : 3.6076742259932786
  },
  "Video Games First Page" : {
    "transaction" : "Video Games First Page",
    "sampleCount" : 1000,
    "errorCount" : 0,
    "errorPct" : 0.0,
    "meanResTime" : 99.20899999999988,
    "medianResTime" : 12.0,
    "minResTime" : 4.0,
    "maxResTime" : 3017.0,
    "pct1ResTime" : 20.0,
    "pct2ResTime" : 37.0,
    "pct3ResTime" : 2736.99,
    "throughput" : 25.644971021182744,
    "receivedKBytesPerSec" : 39.76976526036057,
    "sentKBytesPerSec" : 4.2574658921885415
  },
  "Keyword Search 3 Second Page" : {
    "transaction" : "Keyword Search 3 Second Page",
    "sampleCount" : 1000,
    "errorCount" : 0,
    "errorPct" : 0.0,
    "meanResTime" : 44.162999999999926,
    "medianResTime" : 11.0,
    "minResTime" : 4.0,
    "maxResTime" : 3210.0,
    "pct1ResTime" : 15.0,
    "pct2ResTime" : 18.0,
    "pct3ResTime" : 2372.98,
    "throughput" : 158.6797841954935,
    "receivedKBytesPerSec" : 260.95339897056493,
    "sentKBytesPerSec" : 26.03340209457315
  },
  "Sports and Outdoors Second Page" : {
    "transaction" : "Sports and Outdoors Second Page",
    "sampleCount" : 1000,
    "errorCount" : 0,
    "errorPct" : 0.0,
    "meanResTime" : 124.22899999999996,
    "medianResTime" : 11.0,
    "minResTime" : 4.0,
    "maxResTime" : 3022.0,
    "pct1ResTime" : 19.0,
    "pct2ResTime" : 37.94999999999993,
    "pct3ResTime" : 2993.99,
    "throughput" : 25.642340632852967,
    "receivedKBytesPerSec" : 43.72216904552798,
    "sentKBytesPerSec" : 4.282070554900251
  },
  "Sports and Outdoors First Page" : {
    "transaction" : "Sports and Outdoors First Page",
    "sampleCount" : 1000,
    "errorCount" : 0,
    "errorPct" : 0.0,
    "meanResTime" : 78.77099999999982,
    "medianResTime" : 11.0,
    "minResTime" : 4.0,
    "maxResTime" : 3045.0,
    "pct1ResTime" : 20.0,
    "pct2ResTime" : 29.0,
    "pct3ResTime" : 1864.0,
    "throughput" : 24.614778713139366,
    "receivedKBytesPerSec" : 44.08523694032147,
    "sentKBytesPerSec" : 4.110475742135579
  },
  "Product Detail 1" : {
    "transaction" : "Product Detail 1",
    "sampleCount" : 1000,
    "errorCount" : 0,
    "errorPct" : 0.0,
    "meanResTime" : 667.7840000000004,
    "medianResTime" : 10.0,
    "minResTime" : 3.0,
    "maxResTime" : 17165.0,
    "pct1ResTime" : 18.0,
    "pct2ResTime" : 6781.95,
    "pct3ResTime" : 14284.0,
    "throughput" : 27.836543814719963,
    "receivedKBytesPerSec" : 7.50281845006124,
    "sentKBytesPerSec" : 3.86014572430687
  },
  "Keyword Search 1 Second Page" : {
    "transaction" : "Keyword Search 1 Second Page",
    "sampleCount" : 1000,
    "errorCount" : 0,
    "errorPct" : 0.0,
    "meanResTime" : 383.13199999999915,
    "medianResTime" : 10.0,
    "minResTime" : 3.0,
    "maxResTime" : 10269.0,
    "pct1ResTime" : 16.0,
    "pct2ResTime" : 5373.949999999994,
    "pct3ResTime" : 8163.220000000005,
    "throughput" : 39.48355509930114,
    "receivedKBytesPerSec" : 3.7015832905594817,
    "sentKBytesPerSec" : 6.516328917755755
  },
  "Keyword Search 2 Second Page" : {
    "transaction" : "Keyword Search 2 Second Page",
    "sampleCount" : 1000,
    "errorCount" : 0,
    "errorPct" : 0.0,
    "meanResTime" : 81.47999999999983,
    "medianResTime" : 10.0,
    "minResTime" : 1.0,
    "maxResTime" : 5854.0,
    "pct1ResTime" : 15.899999999999977,
    "pct2ResTime" : 20.0,
    "pct3ResTime" : 3213.98,
    "throughput" : 84.31703204047218,
    "receivedKBytesPerSec" : 152.82511461846545,
    "sentKBytesPerSec" : 13.833263069139967
  },
  "Keyword Search 2 First Page" : {
    "transaction" : "Keyword Search 2 First Page",
    "sampleCount" : 1000,
    "errorCount" : 0,
    "errorPct" : 0.0,
    "meanResTime" : 266.1680000000006,
    "medianResTime" : 10.0,
    "minResTime" : 2.0,
    "maxResTime" : 9457.0,
    "pct1ResTime" : 16.0,
    "pct2ResTime" : 30.949999999999932,
    "pct3ResTime" : 8167.180000000004,
    "throughput" : 53.74899220639613,
    "receivedKBytesPerSec" : 90.80314851518409,
    "sentKBytesPerSec" : 8.818194033861865
  },
  "Product Detail 2" : {
    "transaction" : "Product Detail 2",
    "sampleCount" : 1000,
    "errorCount" : 0,
    "errorPct" : 0.0,
    "meanResTime" : 653.4619999999994,
    "medianResTime" : 10.0,
    "minResTime" : 3.0,
    "maxResTime" : 17170.0,
    "pct1ResTime" : 20.0,
    "pct2ResTime" : 7177.099999999992,
    "pct3ResTime" : 13372.0,
    "throughput" : 27.852825669164137,
    "receivedKBytesPerSec" : 7.09920654262875,
    "sentKBytesPerSec" : 3.8624035595911206
  },
  "All Products Second Page" : {
    "transaction" : "All Products Second Page",
    "sampleCount" : 1000,
    "errorCount" : 0,
    "errorPct" : 0.0,
    "meanResTime" : 72.49000000000011,
    "medianResTime" : 11.0,
    "minResTime" : 4.0,
    "maxResTime" : 1865.0,
    "pct1ResTime" : 18.899999999999977,
    "pct2ResTime" : 25.949999999999932,
    "pct3ResTime" : 1863.0,
    "throughput" : 24.613566998129368,
    "receivedKBytesPerSec" : 45.98206113240868,
    "sentKBytesPerSec" : 3.72568641084966
  },
  "Books First Page" : {
    "transaction" : "Books First Page",
    "sampleCount" : 1000,
    "errorCount" : 0,
    "errorPct" : 0.0,
    "meanResTime" : 32.128000000000036,
    "medianResTime" : 11.0,
    "minResTime" : 2.0,
    "maxResTime" : 3701.0,
    "pct1ResTime" : 15.0,
    "pct2ResTime" : 18.0,
    "pct3ResTime" : 33.98000000000002,
    "throughput" : 163.025758069775,
    "receivedKBytesPerSec" : 281.60789248451255,
    "sentKBytesPerSec" : 27.064823117052494
  },
  "Automotive Second Page" : {
    "transaction" : "Automotive Second Page",
    "sampleCount" : 1000,
    "errorCount" : 0,
    "errorPct" : 0.0,
    "meanResTime" : 537.0000000000014,
    "medianResTime" : 11.0,
    "minResTime" : 2.0,
    "maxResTime" : 17176.0,
    "pct1ResTime" : 18.0,
    "pct2ResTime" : 27.0,
    "pct3ResTime" : 14282.98,
    "throughput" : 27.81099646800345,
    "receivedKBytesPerSec" : 54.4269348631699,
    "sentKBytesPerSec" : 4.752855841699808
  },
  "Automotive First Page" : {
    "transaction" : "Automotive First Page",
    "sampleCount" : 1000,
    "errorCount" : 0,
    "errorPct" : 0.0,
    "meanResTime" : 128.50600000000028,
    "medianResTime" : 11.0,
    "minResTime" : 3.0,
    "maxResTime" : 12783.0,
    "pct1ResTime" : 18.0,
    "pct2ResTime" : 24.0,
    "pct3ResTime" : 2745.0,
    "throughput" : 26.61556478228468,
    "receivedKBytesPerSec" : 49.25488374820345,
    "sentKBytesPerSec" : 4.548558434472479
  },
  "Total" : {
    "transaction" : "Total",
    "sampleCount" : 18000,
    "errorCount" : 0,
    "errorPct" : 0.0,
    "meanResTime" : 225.69038888888943,
    "medianResTime" : 11.0,
    "minResTime" : 1.0,
    "maxResTime" : 17176.0,
    "pct1ResTime" : 17.0,
    "pct2ResTime" : 28.0,
    "pct3ResTime" : 7420.980000000003,
    "throughput" : 428.19420986273997,
    "receivedKBytesPerSec" : 641.0422988602303,
    "sentKBytesPerSec" : 69.13552346742156
  },
  "Keyword Search 3 First Page" : {
    "transaction" : "Keyword Search 3 First Page",
    "sampleCount" : 1000,