{
  "Books Second Page" : {
    "transaction" : "Books Second Page",
    "sampleCount" : 1000,
    "errorCount" : 0,
    "errorPct" : 0.0,
    "meanResTime" : 11.823000000000008,
    "medianResTime" : 11.0,
    "minResTime" : 1.0,
    "maxResTime" : 37.0,
    "pct1ResTime" : 16.0,
    "pct2ResTime" : 20.0,
    "pct3ResTime" : 27.0,
    "throughput" : 480.0768122899664,
    "receivedKBytesPerSec" : 909.5223985837733,
    "sentKBytesPerSec" : 79.70025204032645
  },
  "All Products First Page" : {
    "transaction" : "All Products First Page",
    "sampleCount" : 1000,
    "errorCount" : 0,
    "errorPct" : 0.0,
    "meanResTime" : 139.40800000000004,
    "medianResTime" : 11.0,
    "minResTime" : 6.0,
    "maxResTime" : 2206.0,
    "pct1ResTime" : 662.2999999999839,
    "pct2ResTime" : 1271.9499999999998,
    "pct3ResTime" : 1785.1800000000007,
    "throughput" : 196.23233908948197,
    "receivedKBytesPerSec" : 574.9937144328885,
    "sentKBytesPerSec" : 29.703137264521192
  },
  "Video Games First Page" : {
    "transaction" : "Video Games First Page",
    "sampleCount" : 1000,
    "errorCount" : 0,
    "errorPct" : 0.0,
    "meanResTime" : 19.825000000000017,
    "medianResTime" : 11.0,
    "minResTime" : 3.0,
    "maxResTime" : 511.0,
    "pct1ResTime" : 31.0,
    "pct2ResTime" : 49.0,
    "pct3ResTime" : 112.93000000000006,
    "throughput" : 332.22591362126246,
    "receivedKBytesPerSec" : 515.535779173588,
    "sentKBytesPerSec" : 55.1546926910299
  },
  "Keyword Search 3 Second Page" : {
    "transaction" : "Keyword Search 3 Second Page",
    "sampleCount" : 1000,
    "errorCount" : 0,
    "errorPct" : 0.0,
    "meanResTime" : 12.261999999999988,
    "medianResTime" : 11.0,
    "minResTime" : 4.0,
    "maxResTime" : 40.0,
    "pct1ResTime" : 17.0,
    "pct2ResTime" : 27.0,
    "pct3ResTime" : 30.99000000000001,
    "throughput" : 469.26325668700144,
    "receivedKBytesPerSec" : 1125.037577721727,
    "sentKBytesPerSec" : 76.98850305021118
  },
  "Sports and Outdoors Second Page" : {
    "transaction" : "Sports and Outdoors Second Page",
    "sampleCount" : 1000,
    "errorCount" : 0,
    "errorPct" : 0.0,
    "meanResTime" : 17.57300000000001,
    "medianResTime" : 11.0,
    "minResTime" : 3.0,
    "maxResTime" : 110.0,
    "pct1ResTime" : 31.0,
    "pct2ResTime" : 67.89999999999986,
    "pct3ResTime" : 99.0,
    "throughput" : 324.67532467532465,
    "receivedKBytesPerSec" : 603.0587332589286,
    "sentKBytesPerSec" : 54.21824269480519
  },
  "Sports and Outdoors First Page" : {
    "transaction" : "Sports and Outdoors First Page",
    "sampleCount" : 1000,
    "errorCount" : 0,
    "errorPct" : 0.0,
    "meanResTime" : 35.95899999999996,
    "medianResTime" : 12.0,
    "minResTime" : 1.0,
    "maxResTime" : 871.0,
    "pct1ResTime" : 33.89999999999998,
    "pct2ResTime" : 82.0,
    "pct3ResTime" : 566.98,
    "throughput" : 276.93159789531984,
    "receivedKBytesPerSec" : 478.6946569509831,
    "sentKBytesPerSec" : 46.24541332040985
  },
  "Product Detail 1" : {
    "transaction" : "Product Detail 1",
    "sampleCount" : 1000,
    "errorCount" : 0,
    "errorPct" : 0.0,
    "meanResTime" : 11.586000000000002,
    "medianResTime" : 10.0,
    "minResTime" : 4.0,
    "maxResTime" : 52.0,
    "pct1ResTime" : 17.0,
    "pct2ResTime" : 24.0,
    "pct3ResTime" : 30.0,
    "throughput" : 430.10752688172045,
    "receivedKBytesPerSec" : 115.9274193548387,
    "sentKBytesPerSec" : 59.64381720430107
  },
  "Keyword Search 1 Second Page" : {
    "transaction" : "Keyword Search 1 Second Page",
    "sampleCount" : 1000,
    "errorCount" : 0,
    "errorPct" : 0.0,
    "meanResTime" : 12.296000000000005,
    "medianResTime" : 10.0,
    "minResTime" : 4.0,
    "maxResTime" : 81.0,
    "pct1ResTime" : 17.899999999999977,
    "pct2ResTime" : 24.0,
    "pct3ResTime" : 62.840000000000146,
    "throughput" : 443.45898004434594,
    "receivedKBytesPerSec" : 41.57427937915743,
    "sentKBytesPerSec" : 73.18805432372505
  },
  "Keyword Search 2 Second Page" : {
    "transaction" : "Keyword Search 2 Second Page",
    "sampleCount" : 1000,
    "errorCount" : 0,
    "errorPct" : 0.0,
    "meanResTime" : 12.537000000000008,
    "medianResTime" : 11.0,
    "minResTime" : 4.0,
    "maxResTime" : 43.0,
    "pct1ResTime" : 18.0,
    "pct2ResTime" : 26.949999999999932,
    "pct3ResTime" : 39.99000000000001,
    "throughput" : 457.6659038901602,
    "receivedKBytesPerSec" : 745.4921696224256,
    "sentKBytesPerSec" : 75.0858123569794
  },
  "Keyword Search 2 First Page" : {
    "transaction" : "Keyword Search 2 First Page",
    "sampleCount" : 1000,
    "errorCount" : 0,
    "errorPct" : 0.0,
    "meanResTime" : 12.176999999999984,
    "medianResTime" : 10.0,
    "minResTime" : 4.0,
    "maxResTime" : 67.0,
    "pct1ResTime" : 17.899999999999977,
    "pct2ResTime" : 24.0,
    "pct3ResTime" : 38.99000000000001,
    "throughput" : 451.46726862302484,
    "receivedKBytesPerSec" : 840.324315744921,
    "sentKBytesPerSec" : 74.06884875846501
  },
  "Product Detail 2" : {
    "transaction" : "Product Detail 2",
    "sampleCount" : 1000,
    "errorCount" : 0,
    "errorPct" : 0.0,
    "meanResTime" : 11.850000000000003,
    "medianResTime" : 10.0,
    "minResTime" : 4.0,
    "maxResTime" : 65.0,
    "pct1ResTime" : 16.899999999999977,
    "pct2ResTime" : 27.0,
    "pct3ResTime" : 48.0,
    "throughput" : 434.4048653344917,
    "receivedKBytesPerSec" : 110.2985345623371,
    "sentKBytesPerSec" : 60.23973718505647
  },
  "All Products Second Page" : {
    "transaction" : "All Products Second Page",
    "sampleCount" : 1000,
    "errorCount" : 0,
    "errorPct" : 0.0,
    "meanResTime" : 38.047000000000004,
    "medianResTime" : 11.0,
    "minResTime" : 2.0,
    "maxResTime" : 873.0,
    "pct1ResTime" : 33.099999999999795,
    "pct2ResTime" : 77.0,
    "pct3ResTime" : 556.98,
    "throughput" : 274.649821477616,
    "receivedKBytesPerSec" : 771.9151246223565,
    "sentKBytesPerSec" : 41.57297102444383
  },
  "Books First Page" : {
    "transaction" : "Books First Page",
    "sampleCount" : 1000,
    "errorCount" : 0,
    "errorPct" : 0.0,
    "meanResTime" : 12.410999999999996,
    "medianResTime" : 11.0,
    "minResTime" : 1.0,
    "maxResTime" : 38.0,
    "pct1ResTime" : 17.0,
    "pct2ResTime" : 25.0,
    "pct3ResTime" : 31.0,
    "throughput" : 474.3833017077799,
    "receivedKBytesPerSec" : 819.9757063863851,
    "sentKBytesPerSec" : 78.75504032258064
  },
  "Automotive Second Page" : {
    "transaction" : "Automotive Second Page",
    "sampleCount" : 1000,
    "errorCount" : 0,
    "errorPct" : 0.0,
    "meanResTime" : 12.790000000000004,
    "medianResTime" : 11.0,
    "minResTime" : 3.0,
    "maxResTime" : 78.0,
    "pct1ResTime" : 18.0,
    "pct2ResTime" : 27.0,
    "pct3ResTime" : 40.0,
    "throughput" : 424.08821034775235,
    "receivedKBytesPerSec" : 828.7366975455894,
    "sentKBytesPerSec" : 72.4760125106022
  },
  "Automotive First Page" : {
    "transaction" : "Automotive First Page",
    "sampleCount" : 1000,
    "errorCount" : 0,
    "errorPct" : 0.0,
    "meanResTime" : 38.246000000000016,
    "medianResTime" : 11.0,
    "minResTime" : 4.0,
    "maxResTime" : 748.0,
    "pct1ResTime" : 20.0,
    "pct2ResTime" : 42.94999999999993,
    "pct3ResTime" : 535.96,
    "throughput" : 348.91835310537334,
    "receivedKBytesPerSec" : 645.4369384595254,
    "sentKBytesPerSec" : 59.62960136078158
  },
  "Total" : {
    "transaction" : "Total",
    "sampleCount" : 18000,
    "errorCount" : 0,
    "errorPct" : 0.0,
    "meanResTime" : 25.5543888888888,
    "medianResTime" : 11.0,
    "minResTime" : 1.0,
    "maxResTime" : 2206.0,
    "pct1ResTime" : 19.0,
    "pct2ResTime" : 32.0,
    "pct3ResTime" : 517.9900000000016,
    "throughput" : 3463.5366557629404,
    "receivedKBytesPerSec" : 5889.022700897152,
    "sentKBytesPerSec" : 559.2168558783914
  },
  "Keyword Search 3 First Page" : {
    "transaction" : "Keyword Search 3 First Page",
    "sampleCount" : 1000,